,WVSC,Z1,Y1,J1,H1,K1,Z2,Y2,J2,H2,K2
0,7.0,9.032216595232352e-05,8.002260188833408e-05,0.00013280875674876548,0.00011687303388867098,0.0001545250382301205,4.868589969541558e-05,6.822620266753765e-05,9.395372427997973e-05,0.0001393215828858079,9.497970142180815e-05
1,11.0,7.522754148540925e-05,4.5578809814054325e-05,7.181946718252755e-05,7.707099155650022e-05,7.136232243444969e-05,2.3419757831366054e-05,3.260945946557822e-05,3.229752179673194e-05,4.4555897891016824e-05,4.035743909241763e-05
2,13.0,0.02069754060095648,0.01926895973634394,0.017800788418117525,0.01376501880449612,0.008928623469639813,0.03390514452870383,0.03189818702014019,0.02873698491478833,0.02433665020734932,0.01570128511882931
3,15.0,0.0028009257521721086,0.002594819587286497,0.002588268566768191,0.002318925113114674,0.0016203294784150534,0.006002627589216533,0.0063939200275828605,0.0069424314469190024,0.007397909257995745,0.005146106857808395
4,22.0,0.00010403174100722065,7.57352295728938e-05,0.00012272922222156127,0.0001317790355926561,0.00011948151141746909,0.00019238641415503756,0.0001827930166057498,0.0001394196538053889,0.0001056671514564279,5.390735209474885e-05
5,23.0,5.863207385527797e-05,5.513546776364363e-05,8.118440269420638e-05,7.748371648359818e-05,6.645370381232944e-05,5.833757873005364e-05,5.9666147857678196e-05,6.494217056859224e-05,6.190794669817802e-05,5.0847265254984274e-05
6,24.0,7.01520752844434e-05,7.005057413416342e-05,0.00010909083738408632,0.00012165664076508028,0.00016344638935012008,9.722223485187297e-05,0.00010730955650609685,0.00010432173468665852,0.00015114187305716634,0.00010601565477852667
7,25.0,0.0013422114300802339,0.0015787746934578756,0.0013148710218506207,0.0009692493219748779,0.0007327519889698255,0.0025729349124548745,0.0024150003609615827,0.0022649655458059845,0.0019681581820261917,0.0013444541622551435
8,26.0,9.890263938403782e-05,0.00013843183726439215,0.00014944814587943104,0.00020543882213678287,0.00017230354235716185,0.00018704202684844347,0.0002910824354823503,0.00039442097288818156,0.0004616707926313673,0.0003860031066527163
9,27.0,0.0001295319986029197,9.468601047822774e-05,0.00014362590095371081,0.00014526428243599997,0.0001070873159681814,0.00021278999286206504,0.00022664304688128364,0.0002706026217683467,0.00027289601884947803,0.00018959933073827277
10,28.0,7.854021552333547e-05,8.583286123185145e-05,0.00010002779851504392,0.0001082540038044796,9.390464770748857e-05,0.00014005467175136623,0.00014045538677119777,0.00014107796938683687,0.00011985120366258686,8.056343962928656e-05
11,29.0,0.001038725157162218,0.0009727322244804625,0.0011129947889866564,0.0007561794460988281,0.0005799115231460567,0.004623933717553052,0.004862213222179259,0.0050680629432136364,0.005180155538549608,0.003619008473825679
12,31.0,0.0003239890592254466,0.00031731486488964934,0.0003261725058963602,0.00032921264817193947,0.000229794144876678,0.0007258946574024948,0.0007794926060437486,0.0008307833803910983,0.0008256416631413283,0.0005648794816948279
13,32.0,0.005764126453217201,0.005429068748453057,0.004888334451187264,0.003664414615495286,0.0023030577359923693,0.012348073332573414,0.011922869761502081,0.010372771237215353,0.00806219317687812,0.005398220249911322
14,33.0,0.00012495361424169735,0.00011133233077377757,0.00015622310082431562,0.00017087157149789855,0.0001557814280597023,0.00022050497885824365,0.0002560653411503668,0.00026991660329632726,0.00029302589425749865,0.0001621132080120183
15,34.0,0.00021230235564798674,0.0002057976260157132,0.0002508685491454363,0.00020076070213973532,0.00020418664395516157,0.00030383821780466115,0.0003302423758116793,0.00033579080528853885,0.00034631874579830313,0.00021559128446660192
16,35.0,0.0007510726512474019,0.0005038574624663232,0.0005227111894377924,0.0004417376906422274,0.00038004029205164144,0.001168707954607476,0.0014439534741870657,0.0014979151042088118,0.0014159059279050259,0.0009327180900973917
17,36.0,0.00037526452241598476,0.00040075341858751383,0.0003939889117215449,0.000339568775493656,0.00026335163788829274,0.0016160157902737993,0.0016571415246482949,0.001634618463141034,0.0014738395279656003,0.0009830029021157842
18,38.0,0.0001957803606658719,0.00014332276443410218,0.0001624771481836096,0.00014278153590091143,0.00035254645208569724,0.00012617554811092456,0.00015285005523432176,0.00016451821923240442,0.000198018788899453,0.0001226290037425732
19,39.0,0.00020428238143352167,0.00018314338096982332,0.0002265896240747413,0.0002442862353720389,0.00020055407844434174,0.00014385415158246962,0.00015467680759341577,0.0001967853665152705,0.0002455762707449188,0.0001680366442727145
20,40.0,0.04071202732201734,0.02808294790841634,0.022029133224263475,0.03456728595435132,0.0119326072692158,0.088928383913948,0.09501216187596277,0.09343715361171946,0.05911226493260478,0.05091141878481187
21,41.0,0.0008678321345911393,0.0008194503534413788,0.0008721728212763718,0.0006830527649840193,0.0004530543762985669,0.0011580902358956213,0.0011193987046178298,0.0010468865013305497,0.0009353462297444088,0.0006167835751459415
22,42.0,0.00015743466532448317,0.0001682127514636101,0.0001624566117964097,0.00020579769948066043,0.00015823069768501619,0.00015787406809459478,0.00019302306167877264,0.0002565622762216254,0.00027115224217824836,0.00023562252190432298
23,52.0,3.519513895415076e-05,2.088520876274014e-05,4.1991330496116014e-05,3.876142258402446e-05,2.8575725194569946e-05,8.56574615540892e-05,8.763104687961377e-05,6.91209343285148e-05,4.7266691031965785e-05,3.258141937774755e-05
24,56.0,0.0,0.0,0.0,0.0,0.0,0.001526252541021222,0.004861156466759522,0.01451074131670053,0.04002907919781501,0.05679616340483236
25,57.0,0.0,0.0,0.0,0.0,0.0,0.0009339404809953977,0.0018560787560342703,0.004032143687324181,0.008408745339778008,0.008887565204625341
26,58.0,0.0,0.0,0.0,0.0,0.0,4.102313063483399e-05,4.87425224064896e-05,9.752195524739333e-05,0.00017712342439607536,0.000186440388828886
27,63.0,0.004313742364647744,0.003957206806119473,0.0034976742657503827,0.002717066248955018,0.0018885328313167716,0.005561096098936783,0.006004670763552562,0.005762859082024625,0.005134928491098708,0.0035344870924049953
28,64.0,0.0008651163476939181,0.0003284556153599215,0.0003905705947339572,0.00031621194587809097,0.000270151462739736,0.0016770267885110191,0.002409401631035847,0.002701501419035459,0.0028572931498396154,0.00199132983230304
29,66.0,0.0027521028710778745,0.0027017891425083164,0.002404473225475711,0.0019065183246138376,0.0012225218460073504,0.0009279359490570352,0.0010463698079781092,0.0011777545751762211,0.0012997421406543295,0.0009426142479739509
30,68.0,0.00013419968335082823,0.00022403668488696457,0.00016841343587403127,0.0002024145989131909,0.0001745501182209907,0.00046248707485586975,0.0005741910251420332,0.0008102947032278522,0.0010208567388997319,0.0007847020731525822
31,69.0,0.00011783023441833704,0.00010876403390202484,0.0001521664498408753,0.00017117088865627802,0.00011781751158181181,0.0002128315461259168,0.0002358181348006474,0.0002480189131306757,0.00023518260688439524,0.00017862193921977447
32,71.0,0.0002608722736437317,0.00013442892287031535,0.00016643493850633582,0.00011913158024594826,0.00013235098289333486,0.0005513386011191793,0.0006048855362808899,0.0006315538689411544,0.0007015728919610776,0.000475329096783411
33,72.0,0.11466503040577618,0.10045345769132535,0.08096113671997951,0.05862809729492186,0.038071548096740855,0.06442986182974166,0.0645511226853504,0.06340495519625886,0.056741028023684754,0.04155480034196666
34,74.0,0.0015306701596115866,0.0011761644645888166,0.0011779388634699964,0.001029010524628251,0.0006314383330818982,0.0034288493155590367,0.003771460816643339,0.0037301543255621526,0.0033272114353991127,0.0022294492974902214
35,75.0,0.0002259210756617686,0.00010371832551434073,0.0001354724220386661,0.00013759777633366168,0.0001219807664185875,0.00034025146202702397,0.00047793364000440667,0.00047795388931825975,0.0004464532615122821,0.00028319214303973634
36,76.0,0.00018232231519829493,0.0001365288077474372,0.00018861142111217891,0.00018423015028575356,0.00025238432887726687,6.820760496091663e-05,0.0001150682743135851,0.00012626866824786283,0.000212585872553743,4.1313272728240486e-05
37,78.0,0.000228714356049199,0.00012115828366965776,0.00017029279010084868,0.00013793018172191706,0.00010708873087420022,0.0001889697985095208,0.0002549942573928988,0.0002610494604943359,0.0002500128898167774,0.00016016809123220644
38,79.0,0.0003503842002897496,0.00025951611150423765,0.00026928031287768236,0.00021766434003801322,0.00016939705589929057,0.00045329069072264013,0.0004707366366070224,0.00045995484720194347,0.000411069448169638,0.0002641793090709908
39,80.0,0.0002759638023007749,0.0001649357197747951,0.00017889977417712204,0.00017939270803886287,0.0001431892397916567,0.00016224510394236206,0.0002461530379049733,0.00025307660511387017,0.00021301000374112503,0.00014879351384199308
40,81.0,0.00022622327538466148,0.00012599914847087889,0.00011626782901501476,9.800124700937618e-05,0.00011585326586855111,8.364192125407295e-05,0.00015611937356882136,0.0001324036629391893,0.0001741821311822204,0.00010443248204594387
41,85.0,0.02572900133536768,0.01926536295949524,0.013154204234866976,0.01582100542918989,0.007926908771678537,0.11867405988510038,0.11677444180817695,0.10730733272467263,0.07906793562420895,0.05479972763952938
42,89.0,0.0023227282836307244,0.002823656156618913,0.004189818408508107,0.0035798068336575575,0.003100328010956185,0.008558672336535482,0.011304516706163396,0.01354887387522178,0.015799203754179453,0.012373130685903106
43,91.0,0.004463581260502704,0.004383391498476599,0.004133452045101954,0.003567140444483523,0.002278108880799631,0.00936054208063441,0.008752852299447934,0.008382191914456305,0.007241264314176255,0.0048073307153879636
44,92.0,0.0007812940681675758,0.0008568695495815111,0.0011041590832242543,0.0010684315172187079,0.0006180879368936571,0.00518608463478629,0.005832001137275797,0.006444944769766715,0.0077842002551913045,0.005645416652851524
45,93.0,0.010164598076469161,0.009877581530621963,0.007667910192321988,0.005597191897238188,0.006072517930700474,0.026935956374695036,0.024439662262874477,0.021175964488782464,0.015943497573072746,0.007235727453093512
46,95.0,0.016554480786133613,0.013854516203659024,0.01222317645602388,0.00988852901447513,0.006172040163866976,0.05300802214844119,0.051862040501728164,0.04826092037492151,0.040090659449484166,0.02644312634125205
47,96.0,0.0010629267684214797,0.0009134782087389633,0.0008308097675407801,0.0006993379874394995,0.0004976082684661496,0.006650440311983624,0.006919036155180652,0.007079640418001461,0.006795840854875044,0.004651433324635486
48,98.0,0.0009637602904459192,0.0011924378303032265,0.0014050055665472648,0.001610990035055139,0.0028042500750339885,0.003292325759674239,0.004001079677450722,0.00477851771091291,0.0059153875098526985,0.00281385166866123
49,100.0,0.0009189443704750121,0.0008520156418015642,0.0007671802810773338,0.0007397889172065714,0.0004706455808957256,0.0008259116649261423,0.0008307080136024285,0.0008160861360958194,0.000663783419405614,0.0004761015550763751
50,101.0,0.0003995194152100266,0.0006648718722015623,0.0004377780927632413,0.0004441635888510166,0.00028776345677414923,0.0027986126960499328,0.0026816864647959803,0.0029799570180755277,0.0029836563449168046,0.0020469328698537372
51,103.0,0.0002794672868760776,0.0003279035552392023,0.00035536840691954537,0.00047125231736076063,0.0003424433604865358,0.0008370565516955103,0.0009943672221683338,0.0012064696465207809,0.0013418921119970964,0.001066219939364368
52,105.0,0.0004700585241127148,0.0004564745211477415,0.00048695913494752855,0.0004965392283118005,0.00040720572087215125,0.0009039391577337615,0.0009627333135337008,0.0010077035766296206,0.0010817158666436384,0.0007083775679177746
53,107.0,0.00011878381064325695,0.00010714781078061946,0.00012794747637467332,0.00025230928298609846,0.00013732158072071434,0.0001085003652066743,0.0001344456638833513,0.00015146127207326038,0.0001846122009520459,0.00011082894522205696
54,108.0,4.572904616407527e-05,5.230706863268141e-05,7.048398315594642e-05,6.862884666820603e-05,4.567414426695226e-05,5.0911371893683926e-05,5.8151751502467744e-05,7.298472903689854e-05,8.97953815182406e-05,7.132470761379884e-05
55,110.0,0.0005048769865734198,0.0005403760183380771,0.0006038820024019357,0.0006747886494365945,0.000519116632410942,0.000434016659503475,0.0005058386386481235,0.0005704227000546055,0.000527975293154196,0.0004485425007115757
56,113.0,0.00012681328083291325,8.09213670670774e-05,0.00013967927564365588,9.281916820996056e-05,8.563713350482745e-05,7.016194179246756e-05,9.835489973642024e-05,0.00010113176806866972,0.00011992673218506655,7.173680000384575e-05
57,114.0,0.00022177066356883826,0.0001802004317998483,0.00022817725947960407,0.00024866495395516806,0.00038816835604508923,0.00027036495674693606,0.00038886315907103123,0.00039431563716549274,0.00040433747994484895,9.550348068272084e-05
58,115.0,0.0002241344826707923,0.0002509688481959172,0.0006685184832920595,0.00039871973741034683,0.00026751434499694394,0.0009668760440441569,0.0012617868587324985,0.0015969936893793107,0.002114548253036468,0.0015756276737716565
59,117.0,0.0007931587112101454,0.00047941648161114667,0.0006238418973228944,0.0008762762015520364,0.0005719659488303682,0.0014438537328597119,0.0017813973421026419,0.0020833834025713125,0.0023996129664081746,0.0019176502438047996
60,119.0,0.001576002956986837,0.0015405946187581204,0.002396294140009912,0.0027424468719703995,0.0017214102756259297,0.008034010592596844,0.0097105627717733,0.010993601741662825,0.012783153383560203,0.009785576129526595
61,120.0,0.0008172672773668274,0.0007882119953325694,0.0016284441902381882,0.0006834227552373878,0.000593070069344681,0.0025184097961050184,0.002769598402302197,0.002092729999450251,0.0027813471620867555,0.001941540257517555
62,121.0,0.0011711506269132183,0.00038271981126020415,0.000379043888975753,0.00033668473090834846,0.0002468669614643309,0.0002755730861950702,0.0003236985842894762,0.00037722598393418507,0.0004036572898195906,0.00029806514933725526
63,122.0,3.3593129210799004e-05,4.322385907409869e-05,5.6299840822691154e-05,9.009193193645181e-05,5.472725408549693e-05,3.2337496893192945e-05,4.95346159288662e-05,5.518740838974057e-05,6.519867952290934e-05,4.7779763967480055e-05
64,124.0,0.0006519680017301956,0.00012286920205074252,0.00012955951405062413,0.00022374570655484818,0.00013062002668643233,0.00040575025365706093,0.00047127847021886785,0.000516976021481968,0.0004763419168738629,0.0003305454626195244
65,127.0,4.8038961593490716e-05,5.540554940932339e-05,8.323672180873286e-05,8.57369841527151e-05,8.672644209013927e-05,5.055992254968546e-05,6.120278712326215e-05,6.878092307846425e-05,7.305332710227279e-05,4.853586790905808e-05
66,131.0,0.0007184413717593115,0.00015514895280821115,0.00019010435712476582,0.0002604172361984395,0.00016989373141704635,0.0003501527971477805,0.0005577145823861806,0.0006045758567671704,0.0005222735115148288,0.00044385385887673896
67,132.0,0.0007315040355246075,0.00048121324979949703,0.0005562192416786893,0.0005983940923271688,0.00037654845100817643,0.0004304025145957163,0.0005368191499194635,0.0005941657311416179,0.0007750076689302455,0.0006374245704970481
68,137.0,0.002378941911200596,0.0028905942976296586,0.0031518622453792396,0.0025238890257517485,0.0017495363481325383,0.00046833692485975955,0.0006442736950992586,0.00093184311341402,0.0012608121926536086,0.0010493882570209935
69,139.0,0.00029179242688018097,0.0001580470110880642,0.00025725647690589886,0.00022404658375275,0.0003131809459803415,0.00047056107574453465,0.0007623949308082635,0.0009211263372063056,0.0011338103052659922,0.0007436900996586394
70,140.0,6.317009637432853e-05,8.252872936103438e-05,9.814118278806297e-05,0.00012810038717504097,9.1555163344172e-05,4.488040837597381e-05,5.3133203362492015e-05,6.001668449533637e-05,6.85494540061622e-05,4.725076018860477e-05
71,141.0,0.00011430666795327055,0.00011937860039204007,0.00018436498975869168,0.00019089022703874814,0.00017558732457850063,0.00025595640398789246,0.00034536219827700315,0.0004002985343633527,0.0004998577154979477,0.0003446726315683707
72,142.0,0.00015250799615929705,0.00015614639215253995,0.000188514564996383,0.00021879845500686712,0.0002050218206884832,0.0003448097995125694,0.00042892168161569766,0.000504949562205208,0.0005468235373844569,0.00035366753868606646
73,143.0,0.0002557502797240063,0.000260642677224057,0.0003293404150813406,0.00033755391907110474,0.0004078910349853269,0.00014471714962706865,0.0001407379432692451,0.00020592107652798325,0.00026803678494023367,5.6785989787778735e-05
74,144.0,9.565177449012924e-05,0.00011088627793923316,0.0002693994918605048,0.0001697739477060947,0.0001279050330304223,0.0001872069639019333,0.00021287134294113288,0.00022618031261831804,0.00017720729651268544,0.00012977098468030162
75,145.0,8.93619227587144e-05,6.486413568349624e-05,0.00013843405476681724,0.00013842340339019873,0.0001384421795857866,0.00012861333505269218,0.00019621129312973336,0.00022866663455547496,0.00029468877945171984,0.0002143774990048595
76,146.0,0.0007124613615586509,0.0006255982112594685,0.0007255570703657431,0.0005934642871069021,0.00046464093993711013,0.0006423823502584829,0.000769456371170916,0.0008144304448655093,0.0008426189074596102,0.0005847642313604955
77,147.0,0.00025064867993134415,0.0002978288524540872,0.0003974023758396872,0.0003701671939445271,0.00028370559367802453,0.0002729088378231681,0.00032830386836564865,0.0003720235220278298,0.0003799639553976146,0.0002685025409732707
78,149.0,0.0007246950324337968,0.00038691029512522295,0.0004646742463647307,0.00037146555211792936,0.00030337127573135786,0.0014987500134350672,0.001582798390597528,0.0016004053702171942,0.0014704206732161682,0.0009910546418623522
79,150.0,0.0005069487290626441,0.0006651672205001071,0.0005465109179475301,0.0005244514255101605,0.00040878230263936735,0.0007827848288361051,0.0008301240571919106,0.0010049341388638107,0.0010315084737162457,0.0007337876532172173
80,151.0,3.418052261816439e-05,4.388757057102391e-05,5.7033358362330676e-05,7.283562095956352e-05,8.20808735304282e-05,2.5692667704969447e-05,3.1233194089451885e-05,4.7152986001681275e-05,6.0487662242389045e-05,3.510660234428955e-05
81,152.0,0.0019456601336273823,0.0019803755694794345,0.001806383790244088,0.0014953539254055725,0.0012288617830478149,0.0032602372112257804,0.0034241154559542806,0.003298821375386802,0.0028011657011928356,0.001661232427452565
82,153.0,0.00022137971275984776,0.00021059157681516065,0.00033827627605583144,0.00027915205812644074,0.00023163232772116415,0.00016947342246831086,0.0001995955249864216,0.0002483576832658252,0.00026372663897026547,0.00019111025853090443
83,154.0,9.136079114827557e-05,9.293493170882343e-05,0.00016509697829404941,0.00015178610406890952,0.00016519920136859946,0.0001273758807540014,0.00015342382291070925,0.00019952126975641849,0.0002704319501688089,0.00017889804721701598
84,155.0,0.00023487459007645004,0.00018359432832045153,0.00021109572275080198,0.00013467561658613296,0.00016508710295766137,0.000244799654201887,0.00030199239057468577,0.0002592707953830635,0.00025158248352756416,0.00012927805217805198
85,156.0,0.0005339985935539808,0.00037522365094474455,0.000557592734738945,0.00039748751086415195,0.0002745656867027684,0.0007691849886600834,0.0008556934349331646,0.0009179140131978503,0.0008903254748378433,0.0006208798993138819
86,157.0,0.00018318112225197442,0.00013560292589980167,0.0002383696481252452,0.00022735029964878362,0.0002491652518900256,0.00039949228809945476,0.0005491072780112573,0.0005916324687080781,0.000679745592054944,0.0004802042506433279
87,158.0,0.0002548141861688979,0.00020869709444255218,0.00020430407753056236,0.0002139956530008413,0.00022058118006207492,0.0003334494458393895,0.0003548045658726595,0.00044578310000086246,0.00044553107428502555,0.00029114919924862117
88,159.0,0.0010545350037226876,0.0011328666265239956,0.0006945002530745151,0.0003915522119172397,0.0002810580407902664,0.010979819482375827,0.009697835207453558,0.007512083384928869,0.005109857629259403,0.00315938680493634
89,160.0,0.0008760085258273686,0.0008982492258547234,0.000978006393817722,0.001077975853322314,0.0007426451118772452,0.0015314499217807278,0.0017145257024218745,0.0019099218623527961,0.0020619370389046705,0.0014903902473172648
90,161.0,5.3017221058147086e-05,7.199124968523381e-05,0.00010348508369463022,0.00014955719093252243,0.00011737287877774372,5.931656592135142e-05,7.965678976564332e-05,0.00012462810743323196,0.00018651269610117736,0.00013920806602758798
91,162.0,0.0005436054058691515,0.00034325937487161395,0.0004891820993722107,0.0004078530131817158,0.0005137265327416853,0.00056987761754086,0.0009633488870937726,0.0010819604852442721,0.0011473174526690417,0.0007546681127748149
92,163.0,0.00097031940506418,0.0015519928866060944,0.0016259468531347743,0.0021348119021859582,0.0021862146946393136,0.006553202677096452,0.00950083990447692,0.013412742901120621,0.019052887362955902,0.015659633732244518
93,164.0,0.0038157741215235005,0.004419603917795729,0.005409131679562163,0.005778946997875961,0.004537083067816916,0.009967081282766896,0.012305452830185585,0.014492963551633853,0.01495316756371086,0.011174646667204292
94,165.0,0.0009819805505347098,0.0010194215336105845,0.0011751342977461884,0.001157227993865998,0.0009181387061703199,0.0014122942794781066,0.001808962650039033,0.0021850229355843092,0.002292725176469775,0.001847666565102
95,167.0,0.00027984310863477283,0.0003430517048051506,0.0003682094024460834,0.00041960749853824303,0.0003373775496191163,0.0003672315620780488,0.0004783832885967037,0.0006143400093617025,0.0007075380494713159,0.0005619535252782178
96,168.0,0.00014318926719339523,0.0001859764824189819,0.0002544309556249374,0.0003084520094577367,0.00022365370051696175,8.765356819147661e-05,0.00013805559116943626,0.00018275278333110726,0.0002632703798239611,0.00020502272428256195
97,170.0,0.00023754875937784812,0.0002822246678042765,0.0003565197445732492,0.00035496145006088243,0.00030537950044855124,0.0009655287276622085,0.0012778680153045193,0.001544392201635807,0.001755312315872801,0.0013528735313670021
98,171.0,0.0008855973030257227,0.001291276119016905,0.0031100021373172363,0.009920599225791589,0.0040747601746607895,0.005680262420543619,0.00963996817182569,0.015357255156103066,0.021152144272039795,0.023669375526019564
99,172.0,0.00021735782758036106,0.0002927339691891299,0.0002718489975818883,0.00024660136976942205,0.00022265864668348642,0.0012419039259722341,0.001564588018040553,0.0018626600500211419,0.0019706758750453104,0.0015346918966549167
100,173.0,8.468695302672109e-05,0.0001355166566391472,0.000171585846368369,0.0001519874011113739,0.000145883106223442,5.318794365361442e-05,5.988957070155664e-05,0.0001201020443696721,0.000203270708076899,0.0001375603271490298
101,175.0,0.0002467897370739957,0.00029353288387448456,0.00038864457521161115,0.0004320353177443457,0.00038714855171412754,0.0004875455535546617,0.0006735186096583184,0.0009255945739154592,0.0012253687485038079,0.0009634677895643781
102,176.0,8.579667560342968e-05,0.00012352209008264142,0.00013125803963029612,0.00019962741313515078,0.0002568973267165509,5.650420904792262e-05,0.00010686768458798037,0.0001903525942321361,0.0003108493760708867,0.00021906348882410522
103,178.0,7.799171504699402e-05,7.818705865217032e-05,0.00014044689652799888,0.0001362498349766171,0.00010677692536639825,0.00036274781069126907,0.0005613245023475881,0.000804222834548601,0.0010742713658745216,0.0009232922709147543
104,179.0,0.00012340709410663426,9.635085506026222e-05,0.000166132969486944,0.000508294799189533,0.00013726543711341103,0.0002105104210992163,0.00042143907493506945,0.0006535818751130741,0.001004908222998667,0.0008797660527854033
105,180.0,8.714001487682263e-05,0.00010746281863336092,0.00014273397095845554,0.0002749626446910277,0.00014317291927522122,2.9354318358060367e-05,6.124406376627317e-05,8.330264668588404e-05,0.0001223174447639915,9.991042353187378e-05
106,182.0,4.739857083490598e-05,4.833700427806699e-05,0.00010694053562106286,0.00010510477011185353,0.00011991890618693745,8.087665856649846e-05,0.00014589929723601773,0.0002074107204321541,0.00029798335117520646,0.00023795826843056535
107,183.0,7.709843157530091e-05,0.00011863542835789307,0.00013920756299109702,0.00017951110937744307,0.00015786146781229918,0.00018451955561047076,0.00024961460936242017,0.0003562581431572673,0.00043462749821567074,0.00033182262909461593
108,184.0,0.00027363927468481683,0.00040805372532416024,0.0006692406172558472,0.0008310485256830336,0.0007912422449477708,0.0004271334661700864,0.000652849085354385,0.0009758188428738776,0.0013351387478388673,0.0010984209309447522
109,185.0,0.0011370285019134177,0.0016823041478775983,0.0024289497357989744,0.0030545870232425816,0.0025321653520191502,0.0005781210729157865,0.0010002901678122565,0.0016572086824940275,0.0026314698593091126,0.002458917738832944
110,186.0,5.0573405271254197e-05,7.584200977093998e-05,0.0001644797822069117,0.00019161361228317808,0.00013026674608386795,0.00010056443084235005,0.00016925160665317624,0.0002718093550084662,0.0004396849496104838,0.0004159696071235608
111,188.0,3.959798157723597e-05,5.164902415419795e-05,9.292995928969956e-05,0.00012908896206109233,8.92988953952378e-05,3.9550028428134215e-05,7.759997833351671e-05,0.00011984082773018385,0.00018822998169358405,0.00016505078719498354
112,189.0,6.728661207925019e-05,6.2815121401887e-05,8.831920419177405e-05,0.00011209123304009327,0.0001404064738296041,3.5678287436514124e-05,5.205206938192698e-05,7.92673610488708e-05,0.00012177159651677602,6.88593945773649e-05
113,190.0,3.500033346358378e-05,4.4597672209173084e-05,8.274530274906804e-05,0.00010983721575019386,7.909812715901318e-05,2.339121603574015e-05,4.267775834741806e-05,6.354421222489173e-05,9.081132241151247e-05,9.873046898843202e-05
114,193.0,2.572189127271961e-05,4.8040033231628936e-05,0.0003069826486096748,0.0006703281536174534,0.0010834928016685997,4.401265828938191e-05,0.0002455699376716665,0.0009690388749504491,0.005048528357180537,0.009638600943015553
115,194.0,0.0,0.0,0.0,0.0,0.0,1.4096133365221697e-05,4.6921080013329926e-05,5.875239838026294e-05,0.00012568770607448542,0.00016620068140017004
116,196.0,0.0015828592484056058,0.0018774309037506414,0.002052746253003536,0.002236829002916614,0.002036793981491586,0.007202339681476447,0.010174493531142293,0.013656581473359599,0.01869359373495593,0.014967194417624416
117,201.0,6.802936947750517e-05,0.00013290907507885872,0.00020004503521721796,0.00018206857603478798,0.00018525439982021072,0.0003019896091347881,0.0004794176292908252,0.0006864093647451023,0.0009654771505201669,0.0008042624638632866
118,203.0,0.00030747519410452334,0.00025046316233535493,0.0003307758109347442,0.0004187257229767204,0.0003453177936713263,0.0005240940147402402,0.0007805846378895557,0.0011110632936885238,0.001407178529157397,0.001188798914884392
119,205.0,4.834282933365785e-05,7.506043807268544e-05,0.0001292637293948295,0.0001628502679447015,0.00016233347836145116,9.12326731428384e-05,0.00017817681851318794,0.00031183438371888315,0.000458788369710967,0.0004250801253755109
120,207.0,0.0016707919542493991,0.0026092290348627466,0.004115915609804245,0.005355012393979213,0.004904676764835952,0.002897573092267919,0.005149539573650188,0.008280199487832427,0.011487512580231202,0.010213965815306968
121,210.0,0.0003731460490718063,0.00017910628596251463,0.00023021380076773576,0.00027901841822001295,0.00029293920004885686,0.00015948931765415837,0.0002564091978293501,0.000349011068221375,0.0004094103334625672,0.0003354588084263234
122,211.0,8.0102241248503e-05,7.284618872704435e-05,0.00013960746508586563,0.00016764477775314585,0.00016702001653083235,0.00016331918348531918,0.000287467531711367,0.00041241912832519267,0.0005738109082424026,0.0004832390256585321
123,212.0,0.0011515920550547454,0.0007740826429789745,0.00134879117971848,0.0010336987659694298,0.0006582112597855339,0.01169767631815186,0.013067737441625314,0.014082391051545117,0.015909304712374943,0.01096441840571284
124,215.0,0.008001562515277416,0.006479958133994948,0.005658239515996736,0.00434667580708628,0.0028301126163638142,0.009794863768408836,0.009002003967264386,0.008108199017427863,0.0066880513669234564,0.004302653767317609
125,216.0,7.270316994255346e-05,8.918210345467895e-05,0.00011719886822095154,7.388256422579875e-05,0.00010625259889696406,0.00020366218555956824,0.00017375047478379666,0.00017139825655028296,0.00014756453716257957,7.630503572184318e-05
126,217.0,0.0005667967484459587,0.0004638490948850214,0.00033973329705208025,0.0002707616805999901,0.00018108926786994362,0.0011022619097480907,0.0011378347678450312,0.001016827305303182,0.0007762742852047252,0.0004919072234076852
127,219.0,0.00019919623283218247,0.00015368608899613792,0.00016670577126792654,0.00017566072964056195,0.00012810999795898314,0.0005334798249553948,0.0005369912386876179,0.0004990356824427101,0.0004165174491437794,0.0002609727728557956
128,221.0,0.00013891653857591856,0.00017756654151599224,0.0002363690393801151,0.00025186598884528895,0.00017692166853633878,0.00025654549928635906,0.0002974785116837794,0.00033137214575521543,0.00040565496884944227,0.0003153653684695625
129,222.0,0.00012822255764919152,0.0001324530613207203,0.00017308768400507024,0.00012275169680191607,8.20479341448148e-05,0.00031268424550026587,0.0003196759761533607,0.0003150550171453514,0.000349374175238236,0.00023812248164649407
130,223.0,0.0003415539925096795,0.00026001470090882646,0.00023517589562346895,0.00022907508246007536,0.00014571337409524318,0.00023547282818535306,0.00030649062869358664,0.0003287047651615595,0.00027444871392166067,0.00020333755633545985
131,224.0,0.0008738047439838148,0.0006615225305859943,0.0007340646332208937,0.0007887391767111202,0.0005347640125634772,0.002161732739459709,0.0025311413573538225,0.002931573586215475,0.0032281402882995774,0.002340618320387971
132,226.0,0.00018728284827970753,0.00016439762574050503,0.00015057790799442492,0.00014059691268499203,0.00014714299338067411,0.0008160365291584274,0.0009179909505565169,0.0010166681072319083,0.001000788716008863,0.000703103403140705
133,227.0,0.0002151553682394586,0.00029792927585790374,0.0003949771792704823,0.0004964866552199738,0.0004020358490943979,0.00024455807091654957,0.0003127427135110741,0.00041996200453525023,0.0005306981821469177,0.00040925915196079836
134,228.0,0.00024367266669434438,0.00017371476886275314,0.00014652276443742228,0.000250223937676892,0.00013657826471656902,0.001519361789102686,0.0016701658523490133,0.0017804820513307765,0.001737082319730059,0.0012591086282033993
135,230.0,9.29129961724285e-05,8.592964451753679e-05,0.0001429516822417754,0.00015301133588145849,0.00010936697087793554,3.950237431924089e-05,7.543039813410008e-05,7.16891778808101e-05,8.221199743176358e-05,4.3288087621324465e-05
136,231.0,0.0002768700348639563,0.00015840791107465274,0.00017021410846181317,0.00015195723361507486,0.00015468868293404655,0.00023396279448633517,0.0004011651518684216,0.0004003247121081084,0.00033806794991252966,0.00018779792958844254
137,232.0,0.0015513486539797967,0.0013599325509793376,0.0013656385198507525,0.0012107496747240081,0.0008168531027248653,0.0023010285118063496,0.002477440312020855,0.002553411441105517,0.0024012025727192425,0.0015965863060526508
138,233.0,0.0065303410276583845,0.005585050854197318,0.004958214081158176,0.0036479895120430286,0.002321046851369711,0.022008741017941383,0.02152470459945829,0.01937818956372502,0.01509416871475523,0.009908602355849828
139,234.0,0.00042239838432095596,0.0003589942923424702,0.0003509848142395529,0.0002867110978118023,0.00021793181834362744,0.0012771455662002355,0.0013207408177407897,0.00129412313158887,0.0011273116625553665,0.0007402942906525727
140,236.0,0.0003886176108839588,0.000351855579333532,0.0002627322754750181,0.00024288691759277335,0.00017021558634366094,0.0032620273650277786,0.003001688352310895,0.0026644084357420913,0.0020757545568895887,0.001291736704012518
141,237.0,0.0005626500342011669,0.0004206212181720771,0.00041784764324722485,0.0002870953106321798,0.00021790392414018352,0.0009800404476330738,0.0010627874074886257,0.0009282445328294326,0.0007049365033677202,0.0004317989679650301
142,238.0,0.00036474663818187973,0.00044428012480346836,0.0004344684771823283,0.00038734345839726986,0.00027407737482919694,0.0022802675135397328,0.002508492460184892,0.0028907118315167775,0.003047701297945854,0.002115265080607038
143,240.0,0.00032045689250208764,0.0003899081835397212,0.00045543152455046346,0.0005171939558138942,0.00033540092790521666,0.002091749144323635,0.0029448365856545333,0.0036757739870907475,0.0036884916105876407,0.003012800675182546
144,242.0,3.926815154377748e-05,8.857241724227183e-05,0.00010947166411027977,0.00014567654814701987,0.0001286160286268443,0.00011036699041879564,0.00018605253853858254,0.0002797218552320795,0.0003205472091178559,0.0002997174300149296
145,243.0,5.86050143328146e-05,6.347681654155835e-05,0.00010645602002973969,0.00010993815396036102,9.855091236044488e-05,0.0002813144236290815,0.00043807291235751274,0.0006579413778786618,0.0009079292340548887,0.0007772350907930472
146,244.0,0.00016179640140563943,0.00018329655014077755,0.0002211980022914468,0.00026977641234798974,0.0001813831362318571,0.00048363308167502283,0.0006316876701129398,0.000811043223517111,0.0009598964820052198,0.0007667383748336851
147,245.0,0.0007665810648803308,0.0007691279928127943,0.0006710833397943544,0.0006059131165861232,0.0004368538329358159,0.005236226207315944,0.0059763386657231375,0.006423119470516283,0.005770751857039825,0.004121592015374414
148,246.0,0.0001092961566171511,0.00015367732501883835,0.00017448957966240619,0.0001598061086634622,0.0001236758936980676,0.0001905629204852949,0.00025017966117058774,0.0003089965283146189,0.0002994718462241085,0.00022605806196560307
149,247.0,0.0016128355710452293,0.0009050699531643952,0.0008700549820248272,0.0005745547186602248,0.0004979750021411752,0.005061210495838842,0.006376341959905788,0.006065122822160071,0.004944491105630112,0.0033626711664489915
150,248.0,0.00013508531384141993,0.00017408219778777335,0.0002372298334277601,0.00022952101735709702,0.00017652907873296668,8.106347182966325e-05,0.00013519592452016838,0.00014505089070766035,0.00019122769930921747,0.00014897287526889613
151,249.0,0.0006269928877035459,0.0004225726704340377,0.000453743307670746,0.0004086829496255406,0.00024301316745575265,0.004057364266302756,0.004241266869024591,0.004278492746016106,0.0038245522630970872,0.002541953489850366
152,250.0,0.000290174148403424,0.0002494000351477403,0.0002773115065970432,0.0003130917410866089,0.0002472695514716028,0.0006724004570964035,0.0007733106654849414,0.0008973593659393999,0.0010006403235755196,0.0007002120817645414
153,251.0,0.00027797651606577777,0.00021835848941353128,0.0001713404299854373,0.00019187489989487918,0.00013549233814883703,0.000257731321157809,0.00042803176502313473,0.0006431395241834522,0.0006052834509041317,0.0004565298721286846
154,252.0,0.0007676378122390814,0.0006315327666027628,0.0006166444369803681,0.0005584099597084813,0.000392824348002569,0.003925628518482388,0.004145189601256658,0.004286018092598021,0.0038855240371922298,0.0026110212116618892
155,253.0,0.0003874938332811314,0.00037349313749840104,0.0004401191949805184,0.00040354761387803866,0.0002447785326753758,0.0012980373825036463,0.0017189593238763775,0.0019202633805832964,0.0017673932825155172,0.0013040252476749052
156,254.0,0.0005491455263218902,0.0005696269713012844,0.0005794334901122258,0.00048806165224441595,0.0003732154186354875,0.0007834231487048281,0.001046734165955071,0.001172098202710557,0.0011658975777005915,0.0008166756371039666
157,256.0,0.0001055786248422637,6.168876481271718e-05,0.0001093768653905922,0.00018038386178862754,0.00011205197420568861,0.00015791566008597417,0.0003681923831948636,0.0005756159241658943,0.0007946758223389147,0.0007413805701491211
158,257.0,0.000678679238270103,0.0007211984502271699,0.0007776819251486102,0.0008217326412323089,0.0005663490106002683,0.00435956944426981,0.004976160734333256,0.005511289189338104,0.005492491582291694,0.0038729295760128097
159,260.0,8.689692105246134e-05,7.509969891223854e-05,0.00010499374136517742,0.00012726310763664424,0.00012225276293363705,0.0006931027149122045,0.001086637778944417,0.0016217981474645406,0.002359376231534302,0.0019381152553607237
160,261.0,8.333172711005583e-05,0.00011953116380261013,0.00017552152236426685,0.00023214499941606953,0.0001305729551372486,0.00035635889204424027,0.0005526339990629587,0.0007966757538812666,0.0010976907385830993,0.000917232849441464
161,262.0,0.00010441186870223775,0.00013723463636817188,0.000203676078137528,0.0003839325873353011,0.0003272660771317915,0.0008848425527212215,0.0016461113143599305,0.002750456622032325,0.004101546126080321,0.0036816152477580507
162,263.0,3.924438436203671e-05,6.0902352032827145e-05,0.00013252786781588758,0.0001226222585356295,0.00010446321586993202,0.00014594700930338974,0.0002636234261576903,0.0004158627297717237,0.0007040047672053151,0.0006319690358832698
163,265.0,6.729977312083877e-05,0.00010539789293067766,0.00011807085676622119,0.00016435467490700118,0.0001322142351111267,0.00044399246524360453,0.000688011979289346,0.0009807285088200108,0.0011468304088808477,0.0009535871716732852
164,266.0,0.0001093069037632417,0.0001227279787519598,0.00013546845176688012,0.00020421684933443558,0.00017860359481438118,0.0004280361015951732,0.0006694442258547878,0.0009783899883255393,0.0013785407230760564,0.001133404153932305
165,270.0,0.00016099273728322746,0.000137228657625875,0.00017403206288804497,0.00016012920959180576,0.00015442671687535974,0.0001941649342286257,0.00018863175266737022,0.00018178699053398464,0.0002397205138764318,0.00038670875098005157
166,274.0,6.762333450255299e-05,7.793924326022147e-05,0.0001034214751153441,0.00010535410954856558,8.16397808238276e-05,0.0001254134167839972,0.00012997373522361454,0.00011983332229648608,0.000130902517823891,7.278763355739919e-05
167,275.0,0.00488341205141574,0.0048151861731202394,0.0037937809894171264,0.003656891054681732,0.0024673903256080326,0.009846956060573444,0.009857917970690253,0.009503290387581825,0.008419478650025576,0.0057116396527392725
168,320.0,0.04701896672619443,0.04774609127179753,0.04610170643697516,0.035687276211840945,0.022892047790244202,0.0857382075749821,0.08648316998060802,0.07982365324164371,0.05981699613176853,0.04221787794673977
169,322.0,0.03392329887093083,0.03906686085704726,0.01359372705097675,0.019179179815759,0.0032861533715747918,0.081447845384275,0.06607159636739303,0.07618404011472642,0.0457844076774788,0.03956897496450155
170,323.0,0.0075070966974916525,0.003994875562827932,0.003876123750718892,0.006397738723703188,0.0026927743521640013,0.050435879680005,0.050933556218948295,0.050413796037667595,0.0454455328602041,0.03222772135332163
171,324.0,0.004685007064328096,0.004745140220882002,0.004515131417930078,0.005348356982887749,0.0028448727016152607,0.03085346893770572,0.03357691567531383,0.036149009340281694,0.037862213492532854,0.02734710763678444
172,326.0,0.0029036765425433514,0.0021612641333513052,0.002395801845008823,0.00254008076471874,0.0017006049948571113,0.046179922527568154,0.045049170641940084,0.04124536963107993,0.034059322121270295,0.022750157099951034
173,329.0,0.0026391682161060193,0.0018724543686550604,0.0023736056601048605,0.0013051989272028323,0.0013914005559987064,0.03894430878184079,0.03749277624351029,0.03373736812756035,0.028701540018825644,0.018206195419551728
174,333.0,0.005442932550135719,0.0023495938466989302,0.003956013295032777,0.0045239482692475685,0.0023661626784465296,0.042241915162457296,0.04454871690751114,0.04114546738659359,0.03506197695806427,0.02380768676824739
