,T1,T1ERR,T2,T2ERR,N1,N2,CHI1,CHI2,WVSC,BOLO1,BOLO2,DIST,DISTERR,BOLO1ABS,BOLO2ABS,SPEC1,SPEC2,MSQ1,MSQ2
0,1925.8528107929806,0.0023268222291820727,1854.2513580000784,0.0004469975278980296,7.615548765081619e-16,5.152849619635476e-16,3.24529167246842,2.571175147084427,11,0.018812909338547668,0.010939140507956753,3.0774069115721865,[15.55363165],0.001781664030582295,0.0010359840053328442,COLD,COLD,NOT_MSQ,NOT_MSQ
1,1857.781821258819,0.001208454045822612,3176.287368543547,0.0011829765432572856,1.6082721306401981e-15,1.4646238226472335e-16,1.852672372751517,1.3958457562449225,22,0.03440327117091134,0.02677162137167451,6.0720380522480655,[4.0132553],0.012684364330272873,0.009870602057096294,COLD,M,NOT_MSQ,MSQ
2,1982.1496088160552,0.00029963323452680097,2199.3920942382333,0.0003604258675317197,6.784560090942942e-16,3.3850150016517293e-16,0.42015028517250597,1.4326665404098158,23,0.018807477700898138,0.014224486352334371,9.360182217288076,[28.13347271],0.016477797533398116,0.012462500812597397,COLD,COLD,NOT_MSQ,NOT_MSQ
3,2633.916668433096,0.01643478686982807,2489.198624042304,0.016903710906694912,2.8384142718087692e-15,6.63183603754548e-15,37.587386659748596,309.1107458432634,25,0.24533064691714998,0.4572347533911693,3.412026166637599,[0.29292038],0.02856120393450583,0.05323091591552706,M,M,MSQ,MSQ
4,1830.6998516736965,0.0010921700995628234,1776.5749121434949,0.0023188990957878856,2.472128733497635e-15,6.60787695112025e-15,1.504055380210734,121.06093658413907,26,0.04986554658077884,0.11821047928524214,0.9654908999909643,[0.57479949],0.0004648330009441111,0.0011019257903889313,COLD,COLD,NOT_MSQ,NOT_MSQ
5,2264.927324012867,0.0017824500755540184,2211.000474410347,0.0017208235237270834,1.5353917103268004e-15,4.1355801790558384e-15,1.8174546849192617,50.089207954721154,31,0.07256081378486699,0.17748319576104482,0.317010254781183,[0.06594892],7.292035380457835e-05,0.00017836262790043008,COLD,COLD,NOT_MSQ,NOT_MSQ
6,2749.720720108327,0.020529405502679586,2693.348921503555,0.07329067170424769,8.672433300837772e-15,2.065568646117029e-14,104.55236115164742,4623.474428233019,32,0.8903559052607941,1.9519929320597882,2.4001766990884454,[0.07935049],0.0512920520247026,0.11245134943394998,M,M,MSQ,MSQ
7,1930.2497058614185,0.001033733041390966,2129.2097505544657,0.0010005815872212664,1.7199488670537365e-15,1.6657833889866703e-15,0.4218916132637602,3.514254357563647,33,0.042877748152536234,0.06148328295022926,3.3054972015016117,[1.23081045],0.004684956434155076,0.006717855168744806,COLD,COLD,NOT_MSQ,NOT_MSQ
8,1440.285290987128,0.014625387894264713,2044.944344844853,0.000720076164599601,1.3091724518333902e-14,1.264341462495916e-15,16.611682162209984,1.727228992253193,38,0.10116747763022803,0.039705825330451035,3.8355109082141183,[1.95356606],0.014882893241528207,0.005841181111777584,COLD,COLD,NOT_MSQ,NOT_MSQ
9,2464.214958044859,0.0021390444388498814,2499.5314381243097,0.006591365509810769,2.413912810412279e-15,2.9601306848801887e-15,11.326991711327931,183.1358686293445,41,0.1598464706085429,0.20749736891464196,3.9531748025903104,[0.79304661],0.024980152686343744,0.03242684019089836,M,M,MSQ,MSQ
10,1992.616114476072,0.0016786286728255764,1869.1428484589835,0.00037465729893635313,1.6695890844148044e-15,3.131489178074736e-15,2.1239417559568787,7.81057758969836,42,0.047268020671881204,0.06864081589889792,1.434151972041999,[0.53091763],0.0009722048105016767,0.0014117987270274384,COLD,COLD,NOT_MSQ,NOT_MSQ
11,2061.3542114725333,0.0013093548326642771,3013.020299110686,0.0006606618488365807,2.6801126366853474e-16,8.543744951350722e-17,1.8881387575221846,1.3579208364656483,52,0.008690156566600774,0.01264519663031812,-4.875882057425438,[4.94148948],0.002066017447812791,0.0030062976045412988,COLD,M,NOT_MSQ,MSQ
12,2696.65835762751,0.037325402582788395,2359.921370294343,0.017642548739273976,6.9884561518216935e-15,2.104616990719643e-14,215.85958033483055,890.8186252341507,63,0.6636713980145401,1.1722755818669208,1.689975447411409,[0.079848],0.018954568036737215,0.03348039005564535,M,COLD,MSQ,NOT_MSQ
13,2684.676109529263,0.01129014619913368,2034.0013947162058,0.0021244046493067484,4.77876240238199e-15,9.40860124444752e-15,109.24133774987183,125.79554040997824,66,0.4458113570385606,0.2891970125633672,2.824777891810295,[0.40446202],0.03557293829561591,0.023076100060643572,M,COLD,MSQ,NOT_MSQ
14,1926.4526550304165,0.0030711587632575523,1781.8906449610638,0.0005673629183356709,2.016896066714926e-15,1.3402916209832797e-14,2.3416521643692785,12.336933155205198,68,0.04988606866334163,0.24265180536691863,1.0434676777481686,[0.17210832],0.0005431718846103305,0.0026420530211494022,COLD,COLD,NOT_MSQ,NOT_MSQ
15,1941.7237322124006,0.00569848904747505,2328.4623299318796,0.003258912686921629,1.3371948482827881e-15,1.8130605319279136e-15,1.7729838042252435,16.564983045050862,75,0.034135562251781,0.09570959560228325,-0.8436216864596484,[0.48606203],0.00024294196017857444,0.00068116284688717,COLD,COLD,NOT_MSQ,NOT_MSQ
16,2137.0822991577556,0.007150044875371161,2294.936051313805,0.0014764249608689392,8.953493386979653e-16,1.0690639855513526e-15,4.679734006247557,9.929327517024438,78,0.03353839815300586,0.05325398812794611,134.531000045606,[3439.51178218],6.0699771653155725,9.638220955691299,COLD,COLD,NOT_MSQ,NOT_MSQ
17,2348.499095405411,0.00676193997273684,2435.340682653852,0.0012610684610927095,1.003536646755425e-15,1.4103678604311666e-15,5.564521965080162,18.464189182661098,79,0.054822806939997325,0.08909190720291225,53.474783404400426,[292.92680632],1.5676869245746297,2.5476298242132405,COLD,M,NOT_MSQ,NOT_MSQ
18,2126.1556707278505,0.005093554583963625,2356.07469549185,0.001629918371846609,1.1453747845404895e-15,8.978848627357527e-16,2.7846737421984833,5.170409273770443,80,0.04203321043149581,0.0496870668457661,6.868948169025883,[8.54565307],0.019832298053367066,0.023443574948641844,COLD,COLD,NOT_MSQ,NOT_MSQ
19,2689.3495443042175,0.4665720383310706,2963.547798001446,0.11977884362180448,1.657604188734093e-14,2.7450835198106914e-14,2425.611339368209,4123.478132972433,93,1.5571769306760865,3.8025266576656414,1.1069587060622421,[0.02057553],0.01908098550619862,0.04659454851437469,M,M,MSQ,MSQ
20,2823.1736775810837,0.20464389846592906,2519.294695464918,0.20576207816618458,2.0956045536908248e-14,1.2796147252874166e-13,366.1068975065408,12211.860062408723,95,2.390717640372341,9.256834737487372,0.5848175641987853,[0.01299276],0.008176531256350596,0.03165944705797601,M,M,MSQ,MSQ
21,1664.5771950246256,0.07674200016881913,1953.5677615332495,0.04771395206564675,4.251518761008662e-14,4.766931694846469e-14,658.0046868617837,2871.1906773010005,98,0.5861615550721881,1.2468540433251614,0.58248599391895,[0.01914675],0.001988787148131203,0.0042304502495990525,COLD,COLD,NOT_MSQ,NOT_MSQ
22,1919.1854072007,0.002055602903847984,1928.5549178480617,0.001358146174071711,4.317507058875561e-15,1.2874997342145269e-14,6.728505044134476,89.46291422607123,103,0.10518724615886516,0.31984356657406987,1.0605175596122887,[0.10436918],0.0011830383218151329,0.0035972725787656147,COLD,COLD,NOT_MSQ,NOT_MSQ
23,1745.6090113141074,0.003958325971631219,2016.8013759263683,0.0008860142676104691,3.169661157465755e-15,1.2930187865271932e-15,4.921392723375934,14.245873103753246,107,0.05285183263461986,0.03841677529474944,2.2632921273766597,[1.76436102],0.0027073305042052877,0.001967895954482891,COLD,COLD,NOT_MSQ,NOT_MSQ
24,2007.284917211443,8.529871866700357e-05,1881.5519396210814,0.00011468718041638228,5.340256846423334e-16,9.277582027634565e-16,0.07976756876566829,0.6661566820663953,108,0.015569034291638506,0.020881485449564422,2.2653174964232052,[5.74946688],0.0007989504281877437,0.0010715675377557324,COLD,COLD,NOT_MSQ,NOT_MSQ
25,2004.069031779815,0.001255107788778266,2100.1281156734744,0.0022635294874414798,5.504493443992861e-15,3.642842572189376e-15,1.625911981808017,46.57776532089443,110,0.15945255155634094,0.12725885605704174,6.21208604700806,[4.99180535],0.06153276046281176,0.049109209166606105,COLD,COLD,NOT_MSQ,NOT_MSQ
26,2282.4435677408314,0.08756945503789816,2207.2234037146986,0.04662154857984994,4.0047779347866186e-15,1.4277948069469995e-14,305.0435881068328,2053.715608770033,120,0.1951841869286941,0.6085781964007548,1.3857379075767498,[0.07564728],0.0037480625050696392,0.011686341784264937,COLD,COLD,NOT_MSQ,NOT_MSQ
27,2351.872655059563,0.053369174222034146,2015.9931195657557,0.0004445398087678342,1.3985269080013267e-15,3.0915435581765783e-15,21.859918220670572,13.363701310777632,121,0.07684091029446502,0.09170544007721756,4.546238420281802,[2.04701088],0.01588169739422044,0.018953940591397378,COLD,COLD,NOT_MSQ,NOT_MSQ
28,1767.8710664721184,0.0005006403477900452,1855.1735169267051,0.0005382353134665452,1.045611795528072e-15,7.21684731176093e-16,0.49032148928379365,5.057547617801879,122,0.018341404455747473,0.015351364564135134,inf,[nan],inf,inf,COLD,COLD,NOT_MSQ,NOT_MSQ
29,1926.7548251217565,0.08670509901280313,2164.934439559042,0.0006815493250505089,1.7369422891880592e-15,2.7481418891126693e-15,28.95517363669396,21.20351483955762,124,0.042988630981313176,0.1084134614746655,11.146573936088778,[15.57102701],0.05341170195693643,0.13469950915444945,COLD,COLD,NOT_MSQ,NOT_MSQ
30,1797.0168761477466,0.0002469026103724897,2053.1239697276437,0.00014374997853465053,1.261463368695544e-15,5.055335026091973e-16,0.38330765462810545,1.784767583141217,127,0.023623464170294296,0.016131494399455094,-3.116811988804848,[9.68791668],0.002294905436565545,0.0015670967615235636,COLD,COLD,NOT_MSQ,NOT_MSQ
31,2272.6029284474776,0.009899140429163386,1699.279166229246,0.0012837369587368791,1.2123381950255461e-14,2.1541779418269703e-14,151.44152329004714,135.1278511607559,137,0.5807429693501243,0.32255130775929747,3.8506715280419206,[0.64827163],0.08611065811034023,0.04782684742027184,COLD,COLD,NOT_MSQ,NOT_MSQ
32,1863.689580377288,0.0003073267031350087,1935.4949215416486,0.00110954704350037,2.1437200924427528e-15,4.569795564435675e-15,0.16587321642892883,6.352621867140735,141,0.04644338320168558,0.1151668377838964,4.140178734662511,[4.31149756],0.007960897448385518,0.01974083974612717,COLD,COLD,NOT_MSQ,NOT_MSQ
33,1875.4142073979099,0.004329499360711075,2304.143382070789,0.0008114331938567008,1.8537067658692593e-15,8.449217431237824e-16,2.3799130691913355,3.6578889885384696,144,0.04118048797481021,0.042768167063995687,-20.67820030509444,[140.2267044],0.17608281168533757,0.1828715364388859,COLD,COLD,NOT_MSQ,NOT_MSQ
34,1669.3869770802744,0.0008681181821760763,1873.3959067981473,0.0013314493250824017,2.8352442249273017e-15,3.072223138471213e-15,0.799450573236775,14.991942056283309,145,0.03954359486429361,0.06795675595080984,1.43372566003016,[0.92047905],0.0008128459835833684,0.0013968981910101738,COLD,COLD,NOT_MSQ,NOT_MSQ
35,2183.534493341041,0.0027705115004138118,2159.399583227176,0.0011939680151664825,3.674757723036963e-15,4.8394501505305825e-15,1.7044831353787993,6.554653433809526,146,0.15001481895830474,0.18897009731143774,1.88450671685495,[0.33363531],0.00532757462418959,0.006711018965712119,COLD,COLD,NOT_MSQ,NOT_MSQ
36,2298.7639408804594,0.010685854303567423,2060.6592423407415,0.00023316734778268934,2.4696225791271104e-15,7.209727586279172e-15,14.952529884613678,5.622420355075221,150,0.12384378086982817,0.2334573912614413,5.874984604602844,[2.99553686],0.042745230962802624,0.08057885538824744,COLD,COLD,NOT_MSQ,NOT_MSQ
37,1695.7874668313648,0.0003842088270108339,1820.348254562549,0.0003024719145325623,1.4728567051521749e-15,6.350014862964313e-16,0.5224909451881066,1.211035472419461,151,0.021872800981660785,0.01252141486802192,1.0275918618904782,[1.62657382],0.0002309647558989359,0.0001322192585634911,COLD,COLD,NOT_MSQ,NOT_MSQ
38,1693.570982097313,0.00023022089542141456,1647.9440121653204,0.0004925593364802725,2.5264617148892287e-15,3.593489624075973e-15,0.4295053830916883,3.7593169869383036,161,0.03732368415445083,0.047593018667706974,-0.7483753002357287,[0.68493507],0.00020903711187045037,0.0002665521208014916,COLD,COLD,NOT_MSQ,NOT_MSQ
39,1953.6522484912368,0.0045887371258277,2003.9351965729159,0.017587631543061383,5.214178362046883e-14,1.1937000345137806e-13,41.37274681682095,2324.301987515605,164,1.3640732745983672,3.456951635560975,1.0675917785004818,[0.04242436],0.015547055232168629,0.03940068251012891,COLD,COLD,NOT_MSQ,NOT_MSQ
40,2080.045527583792,0.002676266268522713,1944.1472513583963,0.0045089900550821715,8.098005248027443e-15,2.1488060737291658e-14,9.137106621748476,511.99698203113735,165,0.27222854921396805,0.5512853980161867,2.1174567801714623,[0.30666277],0.012205702432849156,0.024717560091287918,COLD,COLD,NOT_MSQ,NOT_MSQ
41,1953.4420877610764,0.0007580894860623522,1889.493939840613,0.006194000029859024,3.3655637170494e-15,1.8517334445145705e-14,0.6362584681041711,166.04535922708885,170,0.08800812073127427,0.4238599148464804,2.0868197265324167,[0.45464166],0.0038325922254706726,0.018458321809751037,COLD,COLD,NOT_MSQ,NOT_MSQ
42,2156.463586082545,0.004112061339724528,1945.334981589896,0.0026316659581415475,1.5770664940843487e-15,1.8175965854245952e-14,4.406823079934057,140.67116515892255,172,0.061246814861300236,0.4674527767643669,5.79601045530734,[3.0872584],0.020575094026670408,0.1570348573511246,COLD,COLD,NOT_MSQ,NOT_MSQ
43,1881.3063483775336,0.000845566573145454,1734.4285002085032,0.0018389922740941352,4.683959389240179e-15,1.864712691490097e-14,2.0135750761067186,144.11325995995793,175,0.10536902047073857,0.30303766424571693,10.091820937389889,[15.32375943],0.10731292066823225,0.30862825408648387,COLD,COLD,NOT_MSQ,NOT_MSQ
44,1864.3728742428796,0.00044212092128829284,1716.3312652401653,0.0018249322007701594,1.5270106771501102e-15,1.7777503356125736e-14,0.4560574214282018,132.5749692566652,178,0.03313100792798552,0.2770345344182882,2.0939304536177863,[1.05269526],0.0014526438669355188,0.012146703119530856,COLD,COLD,NOT_MSQ,NOT_MSQ
45,1728.4475803478804,0.003824928812167843,1681.8392502641746,0.0007612090636031904,3.4337056924301376e-15,2.167505256644294e-15,16.163647353392076,15.663183345284697,180,0.05503600109930138,0.031142680172576653,-1.0747125956558021,[1.02210846],0.0006356697550694611,0.0003597001868247956,COLD,COLD,NOT_MSQ,NOT_MSQ
46,1628.4434394073326,0.0015116157182309938,1688.5009665491543,0.0020635325240981476,1.8748787844054012e-14,2.3254588835626315e-14,7.849545116963468,131.03090303205337,184,0.23676659947757417,0.3394469958125526,4.143708690383935,[3.54142641],0.04065358683393401,0.058284141218536666,COLD,COLD,NOT_MSQ,NOT_MSQ
47,1707.3815397046494,0.00535354807810146,1525.1626458679918,0.004849616146960731,5.1289006100377884e-14,8.03755029367456e-14,148.06515552867305,783.3621645649713,185,0.7827175923012631,0.7809831493037653,2.3944533751835255,[0.60432328],0.0448763849605428,0.04477694228490422,COLD,COLD,NOT_MSQ,NOT_MSQ
48,1629.4922454836942,0.002025705538252171,1505.8020160678875,0.000831376668867527,3.743602723373639e-15,1.441961675635974e-14,5.8587366716535,60.33625861969675,186,0.047397507273477246,0.13313058307283046,0.8944563717518248,[0.61441305],0.0003792048001451565,0.0010651141600349643,COLD,COLD,NOT_MSQ,NOT_MSQ
49,1655.4164523317402,0.0005179673819558097,1540.803914896323,0.0007735060413363777,2.2296030445831296e-15,5.15302546543248e-15,1.104236910446824,16.044048294090498,188,0.030068644815718092,0.052156164040137405,-1.0,-1.0,0.000300686448157181,0.0005215616404013741,COLD,COLD,NOT_MSQ,NOT_MSQ
50,1680.3296608203082,0.0014300956269700108,1668.8930753584802,0.0010853821061045407,2.442527097403244e-15,2.05803212849234e-15,1.8394191316872344,7.302056240860939,189,0.03496835639821115,0.02866974151531765,-1.0,-1.0,0.00034968356398211155,0.0002866974151531766,COLD,COLD,NOT_MSQ,NOT_MSQ
51,1671.5986807717738,0.00039546584454445294,1549.191218557826,0.00031315530131266153,1.8996706159371067e-15,2.7853764591284118e-15,0.7019941595864451,5.170331697219058,190,0.026635694619537176,0.028810987846905,-1.0,-1.0,0.0002663569461953718,0.00028810987846905004,COLD,COLD,NOT_MSQ,NOT_MSQ
52,1106.8280431298904,0.0017639939063125222,1021.7548337897791,0.008388365881499035,1.7936474028001228e-13,2.5894617429818854e-12,7.76548582814581,2210.3859006217476,193,0.4833728972269586,5.0676713717235025,-1.0,-1.0,0.004833728972269587,0.050676713717235033,COLD,COLD,NOT_MSQ,NOT_MSQ
53,1666.8323767071215,0.0027123408104324964,1686.3201964151847,0.0020208744082164803,3.911753664737901e-15,1.6924914376807228e-14,3.3656556024590714,157.05241271128557,201,0.054224647062360715,0.24577892724428485,-2.562905522934538,[2.09025953],0.0035617376564876565,0.01614395127976326,COLD,COLD,NOT_MSQ,NOT_MSQ
54,1806.1946209793434,0.0020898165803398087,1713.4230784183346,0.002582867708319768,5.301933204321267e-15,2.3402026881786654e-14,1.9040996962034675,331.7498278023205,203,0.1013334700654354,0.36221843020650113,-6.204293782021407,[7.84754382],0.039006557450723255,0.13942968693795882,COLD,COLD,NOT_MSQ,NOT_MSQ
55,1622.849676484082,0.00033892283251623343,1563.406443763503,0.0010855871420145302,3.762544130653945e-15,1.2420757459821405e-14,0.9262442216110015,40.326947974476404,205,0.04686527272751759,0.1332570753189362,0.47829451288443536,[0.30785637],0.00010721164158744807,0.0003048464026049874,COLD,COLD,NOT_MSQ,NOT_MSQ
56,1678.1732410931127,0.00037057121779147814,1641.3887270463727,0.002118197866847185,3.3353261436950478e-15,1.1623254503029928e-14,0.593262927767207,41.993001600142094,211,0.047505432721127894,0.1515062003158893,2.4975283772358567,[3.25725693],0.00296322167169224,0.009450423466453792,COLD,COLD,NOT_MSQ,NOT_MSQ
57,2877.3394856536343,0.14537454170937628,2638.5142754195654,0.06810480239485456,8.775457699740601e-15,1.7971156711557823e-14,779.4318617337271,2866.9966049523437,215,1.0801969028008298,1.5641620410610333,1.7046295770465425,[0.06477266],0.03138795107212573,0.045450826128458625,M,M,MSQ,MSQ
58,2191.236415708504,0.003452790397158346,2584.1036800177535,0.0014414172544788457,9.323982407665555e-16,1.1655395293352006e-15,4.71733066477794,27.504426775241594,219,0.0386032332613574,0.09333283018467302,6.7705299818532865,[2.94064662],0.01769575155624838,0.04278384050909984,COLD,M,NOT_MSQ,MSQ
59,2610.0315022084883,0.010944938318747103,2277.061294881307,0.0017766575142716687,5.721311425542491e-16,1.2905643140043104e-15,7.728550947692037,6.520539423513014,223,0.04768111315566448,0.062308098030418924,12.149729819775647,[16.91479699],0.07038492085702125,0.09197668129737356,M,COLD,MSQ,NOT_MSQ
60,2232.013202971773,0.014967785791533817,2006.0904662353441,0.003931299197208979,3.821848083909729e-15,2.4965052927375765e-14,49.409745757127716,304.9030209098136,224,0.17034369996265006,0.7261025756268866,1.1163930556792876,[0.07579783],0.0021230505207257286,0.009049659315976807,COLD,COLD,NOT_MSQ,NOT_MSQ
61,2301.187544185072,0.00646763050822164,2139.789618748286,0.0010072559890430776,6.862101011386106e-16,5.928889917151624e-15,5.360131575507831,55.96857865323445,226,0.03455662283310502,0.22321456370395437,3.8214563908122128,[1.28226496],0.005046486418496463,0.03259720342415777,COLD,COLD,NOT_MSQ,NOT_MSQ
62,1782.0773239911894,0.000761657081172438,1803.396345334785,0.0005297819479609354,6.689862278792807e-15,6.622611355273358e-15,5.8340411864178865,20.738695284605154,227,0.12116673079123408,0.12579241188292875,0.9272781412957426,[0.20733835],0.001041845775060382,0.0010816194511403465,COLD,COLD,NOT_MSQ,NOT_MSQ
63,2225.8580757803957,0.015177651976810112,2170.3058969858157,0.0031982960077866175,9.895737301035224e-16,9.846097689944482e-15,18.691277655813487,182.75832666425245,228,0.04362180245769377,0.3922952516792722,2.65846320218507,[0.49713448],0.0030829388691481635,0.02772517895740868,COLD,COLD,NOT_MSQ,NOT_MSQ
64,2346.4268213969144,0.016558720802807975,2457.386778588669,0.007250860171190649,6.693756920278679e-16,1.139710334303141e-15,10.017519375215475,20.911455493432356,231,0.036438829958380846,0.07463725069193197,9.16502682951624,[7.69378431],0.030607785188482676,0.06269358645288112,COLD,M,NOT_MSQ,MSQ
65,3107.3565634799716,0.029215059405750997,2681.850570889332,0.0030546678735456296,4.4267742231806437e-16,1.7832031312457807e-15,19.23887025195538,23.433607995054913,237,0.07411754517293863,0.16565601443669278,2.8341637088176914,[0.34184708],0.005953479904125527,0.01330629273602096,M,M,MSQ,MSQ
66,2254.7892083669,0.001888230846661182,2070.1425103637275,0.0023765994141747653,1.936259439516752e-15,2.035401413100875e-14,3.375626889342016,154.35790922593,238,0.08987794453041215,0.6712977548745658,1.1418231938988403,[0.05351961],0.001171792874870928,0.008752112992667477,COLD,COLD,NOT_MSQ,NOT_MSQ
67,2008.8706563693427,0.0009185695678848578,1933.1134501817687,0.01339154149899948,3.752893150369961e-15,3.549840793067659e-14,1.851250576554654,1153.793267238237,240,0.10975834837628834,0.8902269532564455,7.511536668708001,[3.151867],0.06192915389970718,0.5022943840670627,COLD,COLD,NOT_MSQ,NOT_MSQ
68,1799.6545894375033,0.00016369233996978854,1634.53577325001,0.001907156309493055,1.5074374724735483e-15,1.9104698202439825e-14,0.21042055365868648,211.10216092847753,243,0.028395943639933457,0.2448919968930392,14.466503209646902,[56.05062223],0.05942694995379035,0.5125092734365114,COLD,COLD,NOT_MSQ,NOT_MSQ
69,1939.015098970875,0.00036235004178017524,1842.6242501301424,0.0012638172699386849,2.3664449846620604e-15,1.1198404460392218e-14,1.0836134077673558,115.01076940914696,244,0.0600736126914088,0.23182720362569162,0.7929117394972592,[0.08799936],0.00037768822561517606,0.0014575185553845908,COLD,COLD,NOT_MSQ,NOT_MSQ
70,2496.3783727938335,0.007311474439862611,2211.9403626174562,0.008787499135901005,1.995796302166309e-15,3.078825470950706e-14,11.035868670056479,672.9871721566444,245,0.13919548191732461,1.3235616782206154,2.058496242434339,[0.11480506],0.005898278788380263,0.05608469229194136,M,COLD,MSQ,NOT_MSQ
71,2038.2408364844487,0.0011167462972828243,1996.338140647796,0.0009471696870352294,1.2167842718983964e-15,2.474680257925422e-15,4.73735113112995,37.5208428741096,246,0.03771372094264109,0.07058604086250676,46.93389764148716,[349.00994581],0.8307543555837527,1.5548627773728685,COLD,COLD,NOT_MSQ,NOT_MSQ
72,3571.3040949072456,0.2668014780437876,2375.0581941288438,0.03727847921069261,6.0121116051799e-16,2.008902039954909e-14,186.85526214675127,1593.8399727977285,247,0.1756323028632808,1.14794845768948,3.2920378893413793,[0.34969692],0.019034174471450425,0.12440906867174142,M,COLD,MSQ,NOT_MSQ
73,1904.3286584145774,0.0007809500918661152,1824.3446102076152,0.0018031392693485312,2.3946095592963634e-15,2.310406879859161e-15,2.7392903982878463,33.68721987610212,248,0.05655414072530147,0.04595965787779608,1.4002214528640105,[0.49590902],0.0011088118600910224,0.000901094298084297,COLD,COLD,NOT_MSQ,NOT_MSQ
74,2597.640381977847,0.020462326289621427,2343.2766483673163,0.005529065555022864,1.0972913475003805e-15,1.590350138910533e-14,24.734646864534156,284.6039521380292,249,0.08972341836938237,0.8610996614984419,1.5579151894806949,[0.05912529],0.0021776768518221913,0.020899747624829483,M,COLD,MSQ,NOT_MSQ
75,2146.4869543530654,0.004550209350035679,2014.0804616213227,0.00114353985465742,1.7683726302269416e-15,7.489225889353986e-15,12.079408294459682,50.05766282369573,250,0.0674142480363369,0.22131340522533194,1.32854174029445,[0.13106263],0.0011898770880854838,0.003906232848905476,COLD,COLD,NOT_MSQ,NOT_MSQ
76,2807.0780018660685,0.020197997657518847,1761.9424195020588,0.01010179834891368,3.524118558966826e-16,9.497584433319413e-15,15.091013458482816,333.1664474701932,251,0.039294969114479654,0.1643764713883108,2.4045774401799145,[0.97387802],0.0022720322322363085,0.009504235520009442,M,COLD,MSQ,NOT_MSQ
77,2249.841508852592,0.0004988840722362829,2112.6302111857335,0.008158204874572066,1.9038376094557288e-15,1.141085133812978e-14,1.789912202629345,558.7163863379552,253,0.08759984917383584,0.40820335470016506,7.092087170403671,[2.45674324],0.04406070971686919,0.2053169005029304,COLD,COLD,NOT_MSQ,NOT_MSQ
78,1877.5706961136532,0.004620573620025267,1519.8231740423785,0.006569373327415663,1.6252597745574188e-15,2.5207315492064045e-14,9.673405367881973,441.41597912471144,256,0.03627184613878673,0.24151937508295912,-41.47425721886405,[945.18768452],0.6239171077923003,4.154408612150228,COLD,COLD,NOT_MSQ,NOT_MSQ
79,2127.094087051118,0.0013789577219731756,2115.663450911442,0.004977683619137654,4.949372100113268e-15,3.4455490794035647e-14,2.651023821308755,283.9706899564376,257,0.18195400690058677,1.2396793924091412,0.9308948131626433,[0.0300869],0.0015767500186026856,0.010742629625685786,COLD,COLD,NOT_MSQ,NOT_MSQ
80,1860.4441847057137,0.0009820631461200295,1643.9946027857438,0.0050090841722196374,1.4891577857886524e-15,4.66470339730465e-14,1.0488137059898839,572.3115626151791,260,0.032038244189748245,0.6119029212448145,2.0450888175733697,[0.83836157],0.0013399637674710277,0.025592156012722245,COLD,COLD,NOT_MSQ,NOT_MSQ
81,1560.3965302163194,0.0008705821836573966,1546.8217782101926,0.012316596946261213,9.63807230771986e-15,1.1384914436700643e-13,2.0582515615684693,1636.4025331766632,262,0.10260879621494015,1.170428656620261,5.835379304848303,[3.89775649],0.03493998983033778,0.39855028874701326,COLD,COLD,NOT_MSQ,NOT_MSQ
82,1656.3316270185765,0.0014264240166316283,1525.2223943603478,0.002037236997355183,2.4531076499894022e-15,2.1027929921012585e-14,1.7167464274594315,87.43276672364492,263,0.03315606989469149,0.20435371442518732,12.444403693170482,[79.68839113],0.05134654528899519,0.31646866730689477,COLD,COLD,NOT_MSQ,NOT_MSQ
83,1743.1650848951672,0.0006870754177155593,1722.9071782851067,0.003500392056867506,2.4404115362009337e-15,1.867954765417016e-14,1.6832676128316197,286.34693658398635,265,0.040464707472215214,0.2955784090458067,2.160919416237819,[0.74657344],0.0018895289427559442,0.013802248765280205,COLD,COLD,NOT_MSQ,NOT_MSQ
84,1809.5459203515604,0.0011682296998297645,1635.7660966895671,0.003239022970515405,2.588705373499664e-15,2.8262436514981747e-14,1.850822923761908,308.4391329799945,266,0.049845000460904225,0.3633717284167423,2.7006596682618227,[1.36745117],0.0036354763334065145,0.026502744641846907,COLD,COLD,NOT_MSQ,NOT_MSQ
85,2164.191259687949,0.0027152623447799676,1994.9371829780525,0.02353784384500089,9.588054840447972e-16,2.0076003688542466e-15,1.8165873817419587,89.50120217810348,270,0.037772707886771256,0.057102807722824916,18.994350206508475,[59.87269874],0.13627839248866863,0.20601855885956957,COLD,COLD,NOT_MSQ,NOT_MSQ
86,2546.9678363263874,0.0761113167957907,2391.876360726923,0.034795411136255325,1.0902904752690513e-14,3.270434648590202e-14,315.968195604431,1739.3771672865346,275,0.82395517117776,1.9223262267106496,1.1331019701521565,[0.03286651],0.010578925849796616,0.024681132327166334,M,COLD,MSQ,NOT_MSQ
87,4131.483309598398,8.576909820961832,2626.373303269204,1.7464013519716823,9.495191698473958e-15,1.4503223658675188e-13,12921.212121758683,169466.56260582354,322,4.96819109096699,12.392480208277277,0.7452349563244285,[0.02119016],0.027592098233278413,0.06882475432203883,K,M,NOT_MSQ,MSQ
88,2399.1038977287894,0.6329866855198708,2280.049162853523,0.24162632186695834,1.88992446858599e-14,2.1563802684239105e-13,900.9776516412962,14977.61008476403,323,1.12436527685119,10.465697404610045,0.883381475739214,[0.01457443],0.008774128712853529,0.08167041262159061,COLD,COLD,NOT_MSQ,NOT_MSQ
89,2231.196217156274,0.05014367034450122,2567.798648928444,0.18847069831473195,1.2290723933443065e-14,1.0008299127060519e-13,45.48337526089506,7699.513149413335,326,0.5470085773707097,7.813970350282486,0.8706118434808701,[0.0110467],0.004146133465056456,0.05922715895971966,COLD,M,NOT_MSQ,MSQ
90,2934.923900742997,0.1367257481031496,2613.555936267262,0.16272815196046214,2.6115158216860926e-15,7.735014468921954e-14,52.0924039833964,5105.981742267438,329,0.3479757080994805,6.481210755437755,0.8588057848676738,[0.01123482],0.0025664857046302984,0.04780199986767976,M,M,MSQ,MSQ
91,2111.8049170142617,0.34747256683224287,2523.6864572530776,0.12332017729946415,2.6744277074399698e-14,1.0773056028015533e-13,559.42700486566,3536.970503719313,333,0.9552358648289204,7.847799893137463,0.8722655086888461,[0.01180335],0.0072678845442928075,0.05970975928573581,COLD,M,NOT_MSQ,MSQ
